epoch,train_loss,val_loss,train_acc,val_acc
1,0.40806281566619873,0.3402549942686143,0.8205453392517438,0.9056047197640118
2,0.19155283660622585,0.3454361747851414,0.9264426125554851,0.8230088495575221
3,0.11805695800622128,0.25568872690200806,0.9619530754597336,0.9262536873156342
4,0.07225165614880712,0.24145552828072797,0.9816106531388713,0.9026548672566371
5,0.0661860450289638,0.5583443708476064,0.9822447685478757,0.9144542772861357
6,0.0743117475930599,0.5104183955090588,0.9771718452758402,0.9292035398230089
7,0.06371503983096904,0.2900505464161392,0.9809765377298668,0.9203539823008849
8,0.025331348953378838,0.33284350429664317,0.9949270767279645,0.9233038348082596
9,0.01642085448705893,0.26251264676935204,0.9968294229549778,0.9321533923303835
