epoch,train_loss,val_loss,train_acc,val_acc
1,0.46702130841883815,0.4895433345727161,0.7939124920735574,0.799410029498525
2,0.2464262954630879,0.4354861459549198,0.9162967660114141,0.831858407079646
3,0.14811159631611806,0.47454150025471825,0.9511731135066582,0.8436578171091446
4,0.11768730615012314,0.4745942639038626,0.9613189600507293,0.8584070796460177
5,0.14840905245136027,0.6202223812584329,0.9499048826886494,0.8761061946902655
6,0.09742663193614556,0.4684731113699685,0.9708306911857958,0.8731563421828908
7,0.11320408551788964,0.4348999660978627,0.9657577679137603,0.8643067846607669
